one,two,three,four,five
0.7158880717546938,0.616850305537715,-0.059905877356139434,bar,True
,,,,
0.7066812443327578,0.37137239886806234,-2.060466930266189,bar,True
,,,,
0.398305709500499,2.9568990252680516,-1.5537240208719676,bar,True
0.21642076590159673,-0.9104695998291549,1.111606654380037,bar,True
,,,,
-0.11671320854966137,-1.2378197632939838,0.1876260960130053,bar,False
